AAPL,MSFT,AMZN
0.08168827150002105,0.04427582736290069,0.04020436760806493
0.04427582736290069,0.06918646788374677,0.045185578936685386
0.04020436760806493,0.045185578936685386,0.09217121219590417
